scope	phase	wall_s	process_cores	process_wait_s	producer_work_overlap_s	prologue_overlap_s
0	commit	0.5740	4.01	0.0203	0.5740	0.0000
0	argue	0.6000	13.57	1.0750	0.4830	0.0000
0	open	0.3050	1.05	0.0000	0.0000	0.0000
1	commit	0.5380	4.12	0.0118	0.5380	0.0000
1	argue	0.5800	16.45	0.3002	0.5800	0.0000
1	open	0.2910	1.53	0.0085	0.0130	0.0000
2	commit	0.5420	2.97	0.0028	0.5420	0.0000
2	argue	0.8200	14.39	0.5187	0.7600	0.0000
2	open	0.2890	1.04	0.0000	0.0000	0.0000
3	commit	0.7770	3.83	0.0440	0.7770	0.0000
3	argue	1.2700	9.28	0.2919	0.5230	0.0000
3	open	0.8790	1.01	0.0001	0.0000	0.0000
4	commit	0.7870	4.06	0.0053	0.7870	0.0000
4	argue	1.1300	11.71	0.0719	0.4850	0.0000
4	open	0.8870	1.02	0.0001	0.0000	0.0000
5	commit	0.7760	5.93	0.0219	0.7760	0.0000
5	argue	0.9700	9.35	0.1504	0.4300	0.0000
5	open	0.8770	1.01	0.0001	0.0000	0.0000
6	commit	0.7620	4.21	0.0123	0.7620	0.0000
6	argue	1.0000	6.88	0.0585	0.2710	0.0000
6	open	0.3950	1.01	0.0000	0.0000	0.0000
7	commit	0.5040	2.40	0.0001	0.5040	0.0000
7	argue	0.7000	8.34	0.0710	0.7000	0.0000
7	open	0.3060	8.76	0.0205	0.1320	0.0000
8	commit	0.4950	2.70	0.0001	0.4950	0.0000
8	argue	0.6700	10.92	0.2742	0.5840	0.0000
8	open	0.2920	1.05	0.0000	0.0000	0.0000
9	commit	0.5150	3.72	0.0004	0.5150	0.0000
9	argue	0.6500	10.83	0.0481	0.4660	0.0000
9	open	0.2920	1.03	0.0000	0.0000	0.0000
10	commit	0.5150	3.44	0.0033	0.5150	0.0000
10	argue	0.6600	11.20	0.0440	0.4700	0.0000
10	open	0.2660	1.04	0.0000	0.0000	0.0000
11	commit	0.5150	3.19	0.0008	0.5150	0.0000
11	argue	0.6800	12.47	0.0284	0.5700	0.0000
11	open	0.2690	1.02	0.0000	0.0000	0.0000
12	commit	0.5300	3.34	0.0053	0.5300	0.0000
12	argue	0.7100	11.05	0.0483	0.5310	0.0000
12	open	0.2760	1.05	0.0000	0.0000	0.0000
13	commit	0.7390	6.57	0.1004	0.7390	0.1550
13	argue	0.8500	12.72	0.2051	0.3680	0.8500
13	open	0.4110	3.32	0.0033	0.0000	0.4110
14	commit	0.5540	4.53	0.0032	0.5540	0.5540
14	argue	0.7100	4.86	0.0162	0.7100	0.7100
14	open	0.3150	6.86	0.0006	0.2840	0.3150
global	commit	0.4450	3.00	0.0000	0.0000	0.4450
global	argue	0.3300	3.01	0.0002	0.0000	0.3300
global	open	0.5260	3.11	0.0068	0.0000	0.5260
