epoch	execute	collect	build	prep@producer	wait
0	0.0900	0.5070	0.2810	0.4120	0.0000
1	0.0320	0.2680	0.3250	0.4370	0.4230
2	0.0330	0.2750	0.3490	0.4800	0.2790
3	0.0370	0.3060	0.4480	0.5170	0.3510
4	0.0320	0.2700	0.4280	0.5760	1.6280
5	0.0320	0.2730	0.3790	0.5940	1.5330
6	0.0420	0.4090	0.3290	0.4330	1.4190
7	0.0640	0.3030	0.2970	0.3750	1.1260
8	0.3860	0.2890	0.3040	0.3630	0.1760
9	0.1670	0.2930	0.2950	0.3300	0.3790
10	0.0360	0.3070	0.3210	0.3230	0.4780
11	0.0370	0.3230	0.2880	0.3430	0.4570
12	0.0370	0.3230	0.3390	0.3920	0.3810
13	0.0350	0.3130	0.3570	0.3620	0.4570
14	0.0210	0.2420	0.3200	0.5300	0.8950
global	0.0000	0.0000	0.0000	1.5540	0.0000
