subphase	wall_s	process_on_s	process_cores	process_wait_s	prover_on_s	prover_wait_s	producer_on_s	producer_wait_s	others_on_s	box_busy_cores	box_cores	cgroup_cores	throttled_s	throttled_periods
head	1.8680	35.6289	19.07	0.2722	0.3738	0.0002	0.8633	0.0039	34.3919	19.27	32.05	19.18	0.0609	5
epochs absorb+prep	0.0900	0.1688	1.88	0.0003	0.0899	0.0000	0.0510	0.0000	0.0278	2.00	31.99	1.96	0.0000	0
epochs argue	12.3900	132.9304	10.73	2.9044	11.9364	0.0743	1.8337	0.0003	119.1603	10.90	31.96	10.90	0.0075	1
epochs commit	9.1830	38.6156	4.21	0.3561	3.1543	0.0005	6.1823	0.0020	29.2791	4.22	31.98	4.23	0.0000	0
epochs open	6.4710	9.9025	1.53	0.0349	6.4642	0.0005	0.3521	0.0001	3.0862	1.60	31.98	1.60	0.0000	0
global absorb+prep	0.0060	0.0181	3.02	0.0000	0.0060	0.0000	0.0000	0.0000	0.0121	3.55	32.11	3.05	0.0000	0
global argue	0.3600	1.1313	3.14	0.0001	0.3598	0.0000	0.0000	0.0000	0.7715	3.16	31.97	3.16	0.0000	0
global commit	0.4240	1.2789	3.02	0.0000	0.4239	0.0000	0.0000	0.0000	0.8551	3.08	32.00	3.04	0.0000	0
global open	0.5380	1.9504	3.63	0.0008	0.5289	0.0000	0.0000	0.0000	1.4214	3.68	31.98	3.67	0.0000	0
prover gaps	0.2060	0.7588	3.68	0.0014	0.1434	0.0000	0.0323	0.0000	0.5831	3.91	31.97	3.86	0.0000	0
