scope	phase	wall_s	busy_s	idle_s	copy_only_s	stage4_s	process_cores	producer_work_overlap_s	prologue_overlap_s
0	commit	0.5740	0.5587	0.0153	0.1076	0.0000	4.07	0.5740	0.0000
0	argue	0.5900	0.4029	0.1871	0.0128	0.3894	16.85	0.5280	0.0000
0	open	0.2970	0.2691	0.0279	0.0037	0.0000	1.04	0.0000	0.0000
1	commit	0.5410	0.5320	0.0090	0.1061	0.0000	4.16	0.5410	0.0000
1	argue	0.6000	0.4013	0.1987	0.0126	0.3886	16.21	0.5610	0.0000
1	open	0.2970	0.2661	0.0309	0.0035	0.0000	1.04	0.0000	0.0000
2	commit	0.5450	0.5325	0.0125	0.1083	0.0000	3.06	0.5450	0.0000
2	argue	0.9000	0.4962	0.4038	0.0157	0.4801	15.25	0.8420	0.0000
2	open	0.2940	0.2638	0.0302	0.0035	0.0000	1.02	0.0000	0.0000
3	commit	0.7760	0.7516	0.0244	0.1388	0.0000	3.81	0.7760	0.0000
3	argue	1.1300	0.7258	0.4042	0.0251	0.7006	10.48	0.5190	0.0000
3	open	0.8850	0.8443	0.0407	0.0041	0.0000	1.02	0.0000	0.0000
4	commit	0.7950	0.7616	0.0334	0.1362	0.0000	4.83	0.7950	0.0000
4	argue	1.1400	0.7165	0.4235	0.0255	0.6908	10.99	0.4660	0.0000
4	open	0.9080	0.8709	0.0371	0.0041	0.0000	1.02	0.0000	0.0000
5	commit	0.7780	0.7533	0.0247	0.1272	0.0000	5.95	0.7780	0.0000
5	argue	1.0400	0.6895	0.3505	0.0248	0.6645	8.49	0.4190	0.0000
5	open	0.8930	0.8555	0.0375	0.0041	0.0000	1.02	0.0000	0.0000
6	commit	0.7670	0.7461	0.0209	0.1201	0.0000	4.64	0.7670	0.0000
6	argue	1.1100	0.7335	0.3765	0.0201	0.7133	5.81	0.2390	0.0000
6	open	0.4040	0.3539	0.0501	0.0042	0.0000	1.04	0.0000	0.0000
7	commit	0.5050	0.4965	0.0085	0.0846	0.0000	2.46	0.5050	0.0000
7	argue	0.7600	0.4762	0.2838	0.0154	0.4594	10.34	0.7600	0.0000
7	open	0.2890	0.2577	0.0313	0.0034	0.0000	3.78	0.0600	0.0000
8	commit	0.4970	0.4884	0.0086	0.0825	0.0000	2.74	0.4970	0.0000
8	argue	0.7100	0.4518	0.2582	0.0146	0.4369	11.19	0.5870	0.0000
8	open	0.2900	0.2599	0.0301	0.0034	0.0000	1.04	0.0000	0.0000
9	commit	0.5170	0.5056	0.0114	0.0995	0.0000	3.49	0.5170	0.0000
9	argue	0.6800	0.4518	0.2282	0.0152	0.4365	10.93	0.4910	0.0000
9	open	0.3130	0.2788	0.0342	0.0035	0.0000	1.03	0.0000	0.0000
10	commit	0.5150	0.5039	0.0111	0.0977	0.0001	3.52	0.5150	0.0000
10	argue	0.6800	0.4502	0.2298	0.0152	0.4349	10.18	0.4490	0.0000
10	open	0.2930	0.2585	0.0345	0.0035	0.0000	1.02	0.0000	0.0000
11	commit	0.5180	0.5065	0.0115	0.1004	0.0001	3.59	0.5180	0.0000
11	argue	0.6900	0.4684	0.2216	0.0153	0.4530	11.42	0.4960	0.0000
11	open	0.2780	0.2498	0.0282	0.0034	0.0000	1.02	0.0000	0.0000
12	commit	0.5320	0.5152	0.0168	0.1028	0.0000	3.32	0.5320	0.0000
12	argue	0.7600	0.5137	0.2463	0.0161	0.4973	10.45	0.5270	0.0000
12	open	0.2860	0.2564	0.0296	0.0036	0.0000	1.10	0.0000	0.0000
13	commit	0.7440	0.7183	0.0257	0.1044	0.0000	6.66	0.7440	0.1560
13	argue	0.8500	0.6075	0.2425	0.0565	0.5508	11.94	0.3300	0.8500
13	open	0.4190	0.3818	0.0372	0.0067	0.0000	3.31	0.0000	0.4190
14	commit	0.5790	0.5479	0.0311	0.1335	0.0000	4.45	0.5790	0.5790
14	argue	0.7500	0.5356	0.2144	0.0168	0.5175	5.02	0.7500	0.7500
14	open	0.3250	0.2732	0.0518	0.0037	0.0000	5.61	0.3250	0.3250
global	commit	0.4240	0.4178	0.0062	0.0505	0.0000	3.02	0.0000	0.4240
global	argue	0.3600	0.1281	0.2319	0.0089	0.1187	3.14	0.0000	0.3600
global	open	0.5380	0.4932	0.0448	0.0040	0.0000	3.63	0.0000	0.5380
