table	#0	#1	#2	#3	#4	#5	#6	#7	#8	#9	#10	#11	#12	#13	#14
BITWISE	1048576/1048576	1048576/1048576	1048576/1048576	1048576/1048576	1048576/1048576	1048576/1048576	1048576/1048576	1048576/1048576	1048576/1048576	1048576/1048576	1048576/1048576	1048576/1048576	1048576/1048576	1048576/1048576	1048576/1048576
DECODE	2608084/1048576	652021/1048576	652021/1048576	652021/1048576	652021/1048576	652021/1048576	652021/1048576	652021/1048576	652021/1048576	652021/1048576	652021/1048576	652021/1048576	652021/1048576	652021/1048576	1956063/1048576
KECCAK_RC	32/32	32/32	32/32	32/32	32/32	32/32	32/32	32/32	32/32	32/32	32/32	32/32	32/32	32/32	32/32
REGISTER	67/128	67/128	67/128	67/128	67/128	67/128	67/128	67/128	67/128	67/128	67/128	67/128	67/128	67/128	67/128
CPU	2097152/2097152	2097152/2097152	2097152/2097152	2097152/2097152	2097152/2097152	2097152/2097152	2097152/2097152	2097152/2097152	2097152/2097152	2097152/2097152	2097152/2097152	2097152/2097152	2097152/2097152	2097152/2097152	1138690/2097152
LT	813137/1048576	942965/1048576	954991/1048576	1219990/2162688	1108390/2097152	938875/1048576	916309/1048576	889018/1048576	888642/1048576	891875/1048576	897378/1048576	901286/1048576	934351/1048576	968687/1048576	652364/1048576
SHIFT	225257/262144	197163/262144	184929/262144	51217/65536	64466/65536	108045/131072	186936/262144	179727/262144	193534/262144	199831/262144	194894/262144	157407/262144	110898/131072	89408/131072	28225/32768
MEMW	80341/131072	155335/262144	147305/262144	132639/262144	108132/131072	63290/65536	27620/32768	34807/65536	38770/65536	37105/65536	38667/65536	42375/65536	48421/65536	61618/65536	67920/131072
MEMW_A	561485/1048576	552016/1048576	588088/1048576	985646/1048576	732613/1048576	535503/1048576	698023/1048576	750220/1048576	757471/1048576	760417/1048576	770664/1048576	763266/1048576	783076/1048576	800570/1048576	533770/1048576
LOAD	358858/524288	345652/524288	364037/524288	570082/1048576	466917/524288	355562/524288	368431/524288	457247/524288	475674/524288	482125/524288	483841/524288	474281/524288	465531/524288	446870/524288	318929/524288
MUL	1429/2048	922/1024	1422/2048	3/4	22/32	851/1024	61564/65536	2931/4096	2882/4096	2628/4096	1916/2048	1802/2048	1799/2048	1453/2048	29/32
BRANCH	83624/131072	63195/65536	59058/65536	8034/8192	28413/32768	64051/65536	71918/131072	30237/32768	18219/32768	27300/32768	16453/32768	23457/32768	29091/32768	23523/32768	3927/4096
MEMW_R	4436091/4456448	4443648/4456448	4420289/4456448	4168473/4194304	4348341/4456448	4450464/4456448	4537417/4718592	4263611/4325376	4271722/4325376	4281674/4325376	4278471/4325376	4269510/4325376	4223825/4227072	4162761/4194304	2238930/2359296
EQ	4613/8192	3768/4096	6796/8192	5092/8192	4355/8192	4304/8192	6979/8192	6926/8192	6045/8192	11857/16384	5892/8192	9293/16384	8118/8192	10267/16384	3875/4096
BYTEWISE	91474/131072	85855/131072	82366/131072	56363/65536	59847/65536	69532/131072	73806/131072	23161/32768	22781/32768	20388/32768	19787/32768	22461/32768	30935/32768	42278/65536	29155/32768
STORE	282645/524288	361374/524288	367010/524288	485228/524288	310840/524288	193980/262144	348915/524288	325521/524288	318953/524288	313801/524288	324379/524288	328842/524288	356666/524288	384487/524288	250246/262144
CPU32	516/1024	1292/2048	1571/2048	3983/4096	1904/2048	3429/4096	6192/8192	9659/16384	9897/16384	9872/16384	9024/16384	7914/8192	6853/8192	7058/8192	2067/4096
L2G_MEMORY	1366861/2097152	826266/1048576	808729/1048576	410133/524288	585337/1048576	791851/1048576	575910/1048576	283679/524288	190153/262144	183206/262144	149731/262144	238970/262144	316054/524288	368470/524288	267993/524288
KECCAK			163/256	2519/4096	2507/4096	1952/2048	261/512	90/128	64/64	63/64	44/64	100/128	372/512	1232/2048	1292/2048
KECCAK_RND			3912/4096	60456/65536	60168/65536	46848/65536	6264/8192	2160/4096	1536/2048	1512/2048	1056/2048	2400/4096	8928/16384	29568/32768	31008/32768
DVRM						158/256	186/256	370/512	168/256	91/128	189/256	43/64	1/4		
ECSM							116/128								
ECDAS							44418/65536								
HINT							87/128								
HALT															1/1
COMMIT															161/256
L2G_GLOBAL															
GLOBAL_MEMORY															
