scope	table	instances	real_rows	padded_rows	cols	real_cells	padded_cells	argue_s	source
#0	BITWISE	1	1048576	1048576	21	22020096	22020096	0.0325	fixed size: real = padded
#0	DECODE	1	2608084	1048576	6	15648504	6291456	0.0084	generator
#0	KECCAK_RC	1	32	32	10	320	320	0.0007	fixed size: real = padded
#0	REGISTER	1	67	128	5	335	640	0.0007	generator
#0	CPU	1	2097152	2097152	38	79691776	79691776	0.1746	generator
#0	LT	1	813137	1048576	17	13823329	17825792	0.0349	generator
#0	SHIFT	1	225257	262144	29	6532453	7602176	0.0261	generator
#0	MEMW	1	80341	131072	49	3936709	6422528	0.0174	generator
#0	MEMW_A	1	561485	1048576	29	16283065	30408704	0.0730	generator
#0	LOAD	1	358858	524288	18	6459444	9437184	0.0203	generator
#0	MUL	1	1429	2048	26	37154	53248	0.0060	generator
#0	BRANCH	1	83624	131072	14	1170736	1835008	0.0084	generator
#0	MEMW_R	3	4436091	4456448	10	44360910	44564480	0.0849	generator
#0	EQ	1	4613	8192	12	55356	98304	0.0045	generator
#0	BYTEWISE	1	91474	131072	26	2378324	3407872	0.0097	generator
#0	STORE	1	282645	524288	16	4522320	8388608	0.0216	generator
#0	CPU32	1	516	1024	38	19608	38912	0.0055	generator
#0	L2G_MEMORY	1	1366861	2097152	9	12301749	18874368	0.0312	generator L2G
#1	BITWISE	1	1048576	1048576	21	22020096	22020096	0.0323	fixed size: real = padded
#1	DECODE	1	652021	1048576	6	3912126	6291456	0.0085	generator
#1	KECCAK_RC	1	32	32	10	320	320	0.0007	fixed size: real = padded
#1	REGISTER	1	67	128	5	335	640	0.0007	generator
#1	CPU	1	2097152	2097152	38	79691776	79691776	0.1601	generator
#1	LT	1	942965	1048576	17	16030405	17825792	0.0387	generator
#1	SHIFT	1	197163	262144	29	5717727	7602176	0.0334	generator
#1	MEMW	1	155335	262144	49	7611415	12845056	0.0303	generator
#1	MEMW_A	1	552016	1048576	29	16008464	30408704	0.0717	generator
#1	LOAD	1	345652	524288	18	6221736	9437184	0.0202	generator
#1	MUL	1	922	1024	26	23972	26624	0.0061	generator
#1	BRANCH	1	63195	65536	14	884730	917504	0.0069	generator
#1	MEMW_R	3	4443648	4456448	10	44436480	44564480	0.0841	generator
#1	EQ	1	3768	4096	12	45216	49152	0.0079	generator
#1	BYTEWISE	1	85855	131072	26	2232230	3407872	0.0106	generator
#1	STORE	1	361374	524288	16	5781984	8388608	0.0227	generator
#1	CPU32	1	1292	2048	38	49096	77824	0.0069	generator
#1	L2G_MEMORY	1	826266	1048576	9	7436394	9437184	0.0207	generator L2G
#2	BITWISE	1	1048576	1048576	21	22020096	22020096	0.0369	fixed size: real = padded
#2	DECODE	1	652021	1048576	6	3912126	6291456	0.0090	generator
#2	KECCAK_RC	1	32	32	10	320	320	0.0008	fixed size: real = padded
#2	REGISTER	1	67	128	5	335	640	0.0007	generator
#2	KECCAK	1	163	256	511	83293	130816	0.0213	generator
#2	KECCAK_RND	1	3912	4096	1480	5789760	6062080	0.1204	generator
#2	CPU	1	2097152	2097152	38	79691776	79691776	0.1654	generator
#2	LT	1	954991	1048576	17	16234847	17825792	0.0454	generator
#2	SHIFT	1	184929	262144	29	5362941	7602176	0.0463	generator
#2	MEMW	1	147305	262144	49	7217945	12845056	0.0429	generator
#2	MEMW_A	1	588088	1048576	29	17054552	30408704	0.0722	generator
#2	LOAD	1	364037	524288	18	6552666	9437184	0.0205	generator
#2	MUL	1	1422	2048	26	36972	53248	0.0058	generator
#2	BRANCH	1	59058	65536	14	826812	917504	0.0078	generator
#2	MEMW_R	3	4420289	4456448	10	44202890	44564480	0.0992	generator
#2	EQ	1	6796	8192	12	81552	98304	0.0067	generator
#2	BYTEWISE	1	82366	131072	26	2141516	3407872	0.0114	generator
#2	STORE	1	367010	524288	16	5872160	8388608	0.0220	generator
#2	CPU32	1	1571	2048	38	59698	77824	0.0058	generator
#2	L2G_MEMORY	1	808729	1048576	9	7278561	9437184	0.0198	generator L2G
#3	BITWISE	1	1048576	1048576	21	22020096	22020096	0.0325	fixed size: real = padded
#3	DECODE	1	652021	1048576	6	3912126	6291456	0.0085	generator
#3	KECCAK_RC	1	32	32	10	320	320	0.0006	fixed size: real = padded
#3	REGISTER	1	67	128	5	335	640	0.1250	generator
#3	KECCAK	1	2519	4096	511	1287209	2093056	0.0684	generator
#3	KECCAK_RND	1	60456	65536	1480	89474880	96993280	0.4034	generator
#3	CPU	1	2097152	2097152	38	79691776	79691776	0.1571	generator
#3	LT	2	1219990	2162688	17	20739830	36765696	0.0656	generator
#3	SHIFT	1	51217	65536	29	1485293	1900544	0.0102	generator
#3	MEMW	1	132639	262144	49	6499311	12845056	0.0266	generator
#3	MEMW_A	1	985646	1048576	29	28583734	30408704	0.0694	generator
#3	LOAD	1	570082	1048576	18	10261476	18874368	0.0308	generator
#3	MUL	1	3	4	26	78	104	0.0019	generator
#3	BRANCH	1	8034	8192	14	112476	114688	0.0040	generator
#3	MEMW_R	2	4168473	4194304	10	41684730	41943040	0.0716	generator
#3	EQ	1	5092	8192	12	61104	98304	0.0038	generator
#3	BYTEWISE	1	56363	65536	26	1465438	1703936	0.0113	generator
#3	STORE	1	485228	524288	16	7763648	8388608	0.0209	generator
#3	CPU32	1	3983	4096	38	151354	155648	0.0063	generator
#3	L2G_MEMORY	1	410133	524288	9	3691197	4718592	0.0119	generator L2G
#4	BITWISE	1	1048576	1048576	21	22020096	22020096	0.0334	fixed size: real = padded
#4	DECODE	1	652021	1048576	6	3912126	6291456	0.0092	generator
#4	KECCAK_RC	1	32	32	10	320	320	0.1624	fixed size: real = padded
#4	REGISTER	1	67	128	5	335	640	0.0014	generator
#4	KECCAK	1	2507	4096	511	1281077	2093056	0.0321	generator
#4	KECCAK_RND	1	60168	65536	1480	89048640	96993280	0.4093	generator
#4	CPU	1	2097152	2097152	38	79691776	79691776	0.1550	generator
#4	LT	1	1108390	2097152	17	18842630	35651584	0.0586	generator
#4	SHIFT	1	64466	65536	29	1869514	1900544	0.0102	generator
#4	MEMW	1	108132	131072	49	5298468	6422528	0.0163	generator
#4	MEMW_A	1	732613	1048576	29	21245777	30408704	0.0694	generator
#4	LOAD	1	466917	524288	18	8404506	9437184	0.0191	generator
#4	MUL	1	22	32	26	572	832	0.0026	generator
#4	BRANCH	1	28413	32768	14	397782	458752	0.0058	generator
#4	MEMW_R	3	4348341	4456448	10	43483410	44564480	0.0810	generator
#4	EQ	1	4355	8192	12	52260	98304	0.0089	generator
#4	BYTEWISE	1	59847	65536	26	1556022	1703936	0.0073	generator
#4	STORE	1	310840	524288	16	4973440	8388608	0.0208	generator
#4	CPU32	1	1904	2048	38	72352	77824	0.0057	generator
#4	L2G_MEMORY	1	585337	1048576	9	5268033	9437184	0.0189	generator L2G
#5	BITWISE	1	1048576	1048576	21	22020096	22020096	0.0359	fixed size: real = padded
#5	DECODE	1	652021	1048576	6	3912126	6291456	0.0087	generator
#5	KECCAK_RC	1	32	32	10	320	320	0.0010	fixed size: real = padded
#5	REGISTER	1	67	128	5	335	640	0.0007	generator
#5	KECCAK	1	1952	2048	511	997472	1046528	0.0275	generator
#5	KECCAK_RND	1	46848	65536	1480	69335040	96993280	0.4666	generator
#5	CPU	1	2097152	2097152	38	79691776	79691776	0.1582	generator
#5	LT	1	938875	1048576	17	15960875	17825792	0.0336	generator
#5	SHIFT	1	108045	131072	29	3133305	3801088	0.0141	generator
#5	MEMW	1	63290	65536	49	3101210	3211264	0.0119	generator
#5	MEMW_A	1	535503	1048576	29	15529587	30408704	0.0693	generator
#5	LOAD	1	355562	524288	18	6400116	9437184	0.0191	generator
#5	MUL	1	851	1024	26	22126	26624	0.0046	generator
#5	DVRM	1	158	256	34	5372	8704	0.0043	generator
#5	BRANCH	1	64051	65536	14	896714	917504	0.0063	generator
#5	MEMW_R	3	4450464	4456448	10	44504640	44564480	0.0808	generator
#5	EQ	1	4304	8192	12	51648	98304	0.0038	generator
#5	BYTEWISE	1	69532	131072	26	1807832	3407872	0.0093	generator
#5	STORE	1	193980	262144	16	3103680	4194304	0.0133	generator
#5	CPU32	1	3429	4096	38	130302	155648	0.0063	generator
#5	L2G_MEMORY	1	791851	1048576	9	7126659	9437184	0.0188	generator L2G
#6	BITWISE	1	1048576	1048576	21	22020096	22020096	0.0565	fixed size: real = padded
#6	DECODE	1	652021	1048576	6	3912126	6291456	0.0089	generator
#6	KECCAK_RC	1	32	32	10	320	320	0.0005	fixed size: real = padded
#6	REGISTER	1	67	128	5	335	640	0.0006	generator
#6	KECCAK	1	261	512	511	133371	261632	0.0268	generator
#6	KECCAK_RND	1	6264	8192	1480	9270720	12124160	0.1622	generator
#6	ECSM	1	116	128	667	77372	85376	0.0511	generator
#6	ECDAS	1	44418	65536	521	23141778	34144256	0.2234	generator
#6	HINT	1	87	128	41	3567	5248	0.0034	generator
#6	CPU	1	2097152	2097152	38	79691776	79691776	0.1616	generator
#6	LT	1	916309	1048576	17	15577253	17825792	0.0339	generator
#6	SHIFT	1	186936	262144	29	5421144	7602176	0.0222	generator
#6	MEMW	1	27620	32768	49	1353380	1605632	0.0094	generator
#6	MEMW_A	1	698023	1048576	29	20242667	30408704	0.0787	generator
#6	LOAD	1	368431	524288	18	6631758	9437184	0.0192	generator
#6	MUL	1	61564	65536	26	1600664	1703936	0.0103	generator
#6	DVRM	1	186	256	34	6324	8704	0.0042	generator
#6	BRANCH	1	71918	131072	14	1006852	1835008	0.0074	generator
#6	MEMW_R	3	4537417	4718592	10	45374170	47185920	0.0874	generator
#6	EQ	1	6979	8192	12	83748	98304	0.0038	generator
#6	BYTEWISE	1	73806	131072	26	1918956	3407872	0.0094	generator
#6	STORE	1	348915	524288	16	5582640	8388608	0.0254	generator
#6	CPU32	1	6192	8192	38	235296	311296	0.0070	generator
#6	L2G_MEMORY	1	575910	1048576	9	5183190	9437184	0.0185	generator L2G
#7	BITWISE	1	1048576	1048576	21	22020096	22020096	0.0310	fixed size: real = padded
#7	DECODE	1	652021	1048576	6	3912126	6291456	0.0083	generator
#7	KECCAK_RC	1	32	32	10	320	320	0.0007	fixed size: real = padded
#7	REGISTER	1	67	128	5	335	640	0.0007	generator
#7	KECCAK	1	90	128	511	45990	65408	0.0174	generator
#7	KECCAK_RND	1	2160	4096	1480	3196800	6062080	0.1198	generator
#7	CPU	1	2097152	2097152	38	79691776	79691776	0.1632	generator
#7	LT	1	889018	1048576	17	15113306	17825792	0.0342	generator
#7	SHIFT	1	179727	262144	29	5212083	7602176	0.0224	generator
#7	MEMW	1	34807	65536	49	1705543	3211264	0.0121	generator
#7	MEMW_A	1	750220	1048576	29	21756380	30408704	0.0727	generator
#7	LOAD	1	457247	524288	18	8230446	9437184	0.0217	generator
#7	MUL	1	2931	4096	26	76206	106496	0.0062	generator
#7	DVRM	1	370	512	34	12580	17408	0.0050	generator
#7	BRANCH	1	30237	32768	14	423318	458752	0.0054	generator
#7	MEMW_R	3	4263611	4325376	10	42636110	43253760	0.0971	generator
#7	EQ	1	6926	8192	12	83112	98304	0.0053	generator
#7	BYTEWISE	1	23161	32768	26	602186	851968	0.0100	generator
#7	STORE	1	325521	524288	16	5208336	8388608	0.0254	generator
#7	CPU32	1	9659	16384	38	367042	622592	0.0178	generator
#7	L2G_MEMORY	1	283679	524288	9	2553111	4718592	0.0133	generator L2G
#8	BITWISE	1	1048576	1048576	21	22020096	22020096	0.0365	fixed size: real = padded
#8	DECODE	1	652021	1048576	6	3912126	6291456	0.0111	generator
#8	KECCAK_RC	1	32	32	10	320	320	0.0006	fixed size: real = padded
#8	REGISTER	1	67	128	5	335	640	0.0008	generator
#8	KECCAK	1	64	64	511	32704	32704	0.0157	generator
#8	KECCAK_RND	1	1536	2048	1480	2273280	3031040	0.1032	generator
#8	CPU	1	2097152	2097152	38	79691776	79691776	0.1636	generator
#8	LT	1	888642	1048576	17	15106914	17825792	0.0411	generator
#8	SHIFT	1	193534	262144	29	5612486	7602176	0.0306	generator
#8	MEMW	1	38770	65536	49	1899730	3211264	0.0134	generator
#8	MEMW_A	1	757471	1048576	29	21966659	30408704	0.0705	generator
#8	LOAD	1	475674	524288	18	8562132	9437184	0.0193	generator
#8	MUL	1	2882	4096	26	74932	106496	0.0059	generator
#8	DVRM	1	168	256	34	5712	8704	0.0044	generator
#8	BRANCH	1	18219	32768	14	255066	458752	0.0055	generator
#8	MEMW_R	3	4271722	4325376	10	42717220	43253760	0.0848	generator
#8	EQ	1	6045	8192	12	72540	98304	0.0046	generator
#8	BYTEWISE	1	22781	32768	26	592306	851968	0.0066	generator
#8	STORE	1	318953	524288	16	5103248	8388608	0.0210	generator
#8	CPU32	1	9897	16384	38	376086	622592	0.0137	generator
#8	L2G_MEMORY	1	190153	262144	9	1711377	2359296	0.0117	generator L2G
#9	BITWISE	1	1048576	1048576	21	22020096	22020096	0.0334	fixed size: real = padded
#9	DECODE	1	652021	1048576	6	3912126	6291456	0.0086	generator
#9	KECCAK_RC	1	32	32	10	320	320	0.0006	fixed size: real = padded
#9	REGISTER	1	67	128	5	335	640	0.0009	generator
#9	KECCAK	1	63	64	511	32193	32704	0.0148	generator
#9	KECCAK_RND	1	1512	2048	1480	2237760	3031040	0.1066	generator
#9	CPU	1	2097152	2097152	38	79691776	79691776	0.1687	generator
#9	LT	1	891875	1048576	17	15161875	17825792	0.0351	generator
#9	SHIFT	1	199831	262144	29	5795099	7602176	0.0233	generator
#9	MEMW	1	37105	65536	49	1818145	3211264	0.0133	generator
#9	MEMW_A	1	760417	1048576	29	22052093	30408704	0.0723	generator
#9	LOAD	1	482125	524288	18	8678250	9437184	0.0194	generator
#9	MUL	1	2628	4096	26	68328	106496	0.0058	generator
#9	DVRM	1	91	128	34	3094	4352	0.0037	generator
#9	BRANCH	1	27300	32768	14	382200	458752	0.0053	generator
#9	MEMW_R	3	4281674	4325376	10	42816740	43253760	0.0783	generator
#9	EQ	1	11857	16384	12	142284	196608	0.0046	generator
#9	BYTEWISE	1	20388	32768	26	530088	851968	0.0065	generator
#9	STORE	1	313801	524288	16	5020816	8388608	0.0209	generator
#9	CPU32	1	9872	16384	38	375136	622592	0.0134	generator
#9	L2G_MEMORY	1	183206	262144	9	1648854	2359296	0.0116	generator L2G
#10	BITWISE	1	1048576	1048576	21	22020096	22020096	0.0325	fixed size: real = padded
#10	DECODE	1	652021	1048576	6	3912126	6291456	0.0086	generator
#10	KECCAK_RC	1	32	32	10	320	320	0.0007	fixed size: real = padded
#10	REGISTER	1	67	128	5	335	640	0.0007	generator
#10	KECCAK	1	44	64	511	22484	32704	0.0143	generator
#10	KECCAK_RND	1	1056	2048	1480	1562880	3031040	0.1085	generator
#10	CPU	1	2097152	2097152	38	79691776	79691776	0.1725	generator
#10	LT	1	897378	1048576	17	15255426	17825792	0.0347	generator
#10	SHIFT	1	194894	262144	29	5651926	7602176	0.0235	generator
#10	MEMW	1	38667	65536	49	1894683	3211264	0.0129	generator
#10	MEMW_A	1	770664	1048576	29	22349256	30408704	0.0745	generator
#10	LOAD	1	483841	524288	18	8709138	9437184	0.0197	generator
#10	MUL	1	1916	2048	26	49816	53248	0.0052	generator
#10	DVRM	1	189	256	34	6426	8704	0.0043	generator
#10	BRANCH	1	16453	32768	14	230342	458752	0.0054	generator
#10	MEMW_R	3	4278471	4325376	10	42784710	43253760	0.0789	generator
#10	EQ	1	5892	8192	12	70704	98304	0.0038	generator
#10	BYTEWISE	1	19787	32768	26	514462	851968	0.0063	generator
#10	STORE	1	324379	524288	16	5190064	8388608	0.0209	generator
#10	CPU32	1	9024	16384	38	342912	622592	0.0082	generator
#10	L2G_MEMORY	1	149731	262144	9	1347579	2359296	0.0091	generator L2G
#11	BITWISE	1	1048576	1048576	21	22020096	22020096	0.0321	fixed size: real = padded
#11	DECODE	1	652021	1048576	6	3912126	6291456	0.0085	generator
#11	KECCAK_RC	1	32	32	10	320	320	0.0009	fixed size: real = padded
#11	REGISTER	1	67	128	5	335	640	0.0007	generator
#11	KECCAK	1	100	128	511	51100	65408	0.0169	generator
#11	KECCAK_RND	1	2400	4096	1480	3552000	6062080	0.1253	generator
#11	CPU	1	2097152	2097152	38	79691776	79691776	0.1622	generator
#11	LT	1	901286	1048576	17	15321862	17825792	0.0352	generator
#11	SHIFT	1	157407	262144	29	4564803	7602176	0.0233	generator
#11	MEMW	1	42375	65536	49	2076375	3211264	0.0120	generator
#11	MEMW_A	1	763266	1048576	29	22134714	30408704	0.0716	generator
#11	LOAD	1	474281	524288	18	8537058	9437184	0.0215	generator
#11	MUL	1	1802	2048	26	46852	53248	0.0057	generator
#11	DVRM	1	43	64	34	1462	2176	0.0045	generator
#11	BRANCH	1	23457	32768	14	328398	458752	0.0054	generator
#11	MEMW_R	3	4269510	4325376	10	42695100	43253760	0.0784	generator
#11	EQ	1	9293	16384	12	111516	196608	0.0045	generator
#11	BYTEWISE	1	22461	32768	26	583986	851968	0.0063	generator
#11	STORE	1	328842	524288	16	5261472	8388608	0.0210	generator
#11	CPU32	1	7914	8192	38	300732	311296	0.0071	generator
#11	L2G_MEMORY	1	238970	262144	9	2150730	2359296	0.0091	generator L2G
#12	BITWISE	1	1048576	1048576	21	22020096	22020096	0.0345	fixed size: real = padded
#12	DECODE	1	652021	1048576	6	3912126	6291456	0.0091	generator
#12	KECCAK_RC	1	32	32	10	320	320	0.0007	fixed size: real = padded
#12	REGISTER	1	67	128	5	335	640	0.0006	generator
#12	KECCAK	1	372	512	511	190092	261632	0.0231	generator
#12	KECCAK_RND	1	8928	16384	1480	13213440	24248320	0.1745	generator
#12	CPU	1	2097152	2097152	38	79691776	79691776	0.1738	generator
#12	LT	1	934351	1048576	17	15883967	17825792	0.0354	generator
#12	SHIFT	1	110898	131072	29	3216042	3801088	0.0149	generator
#12	MEMW	1	48421	65536	49	2372629	3211264	0.0129	generator
#12	MEMW_A	1	783076	1048576	29	22709204	30408704	0.0728	generator
#12	LOAD	1	465531	524288	18	8379558	9437184	0.0195	generator
#12	MUL	1	1799	2048	26	46774	53248	0.0052	generator
#12	DVRM	1	1	4	34	34	136	0.0024	generator
#12	BRANCH	1	29091	32768	14	407274	458752	0.0054	generator
#12	MEMW_R	3	4223825	4227072	10	42238250	42270720	0.0773	generator
#12	EQ	1	8118	8192	12	97416	98304	0.0115	generator
#12	BYTEWISE	1	30935	32768	26	804310	851968	0.0062	generator
#12	STORE	1	356666	524288	16	5706656	8388608	0.0210	generator
#12	CPU32	1	6853	8192	38	260414	311296	0.0070	generator
#12	L2G_MEMORY	1	316054	524288	9	2844486	4718592	0.0121	generator L2G
#13	BITWISE	1	1048576	1048576	21	22020096	22020096	0.0941	fixed size: real = padded
#13	DECODE	1	652021	1048576	6	3912126	6291456	0.0094	generator
#13	KECCAK_RC	1	32	32	10	320	320	0.0006	fixed size: real = padded
#13	REGISTER	1	67	128	5	335	640	0.0006	generator
#13	KECCAK	1	1232	2048	511	629552	1046528	0.0291	generator
#13	KECCAK_RND	1	29568	32768	1480	43760640	48496640	0.2395	generator
#13	CPU	1	2097152	2097152	38	79691776	79691776	0.1571	generator
#13	LT	1	968687	1048576	17	16467679	17825792	0.0332	generator
#13	SHIFT	1	89408	131072	29	2592832	3801088	0.0142	generator
#13	MEMW	1	61618	65536	49	3019282	3211264	0.0324	generator
#13	MEMW_A	1	800570	1048576	29	23216530	30408704	0.0729	generator
#13	LOAD	1	446870	524288	18	8043660	9437184	0.0196	generator
#13	MUL	1	1453	2048	26	37778	53248	0.0059	generator
#13	BRANCH	1	23523	32768	14	329322	458752	0.0057	generator
#13	MEMW_R	2	4162761	4194304	10	41627610	41943040	0.0766	generator
#13	EQ	1	10267	16384	12	123204	196608	0.0059	generator
#13	BYTEWISE	1	42278	65536	26	1099228	1703936	0.0073	generator
#13	STORE	1	384487	524288	16	6151792	8388608	0.0218	generator
#13	CPU32	1	7058	8192	38	268204	311296	0.0072	generator
#13	L2G_MEMORY	1	368470	524288	9	3316230	4718592	0.0122	generator L2G
#14	BITWISE	1	1048576	1048576	21	22020096	22020096	0.0319	fixed size: real = padded
#14	DECODE	1	1956063	1048576	6	11736378	6291456	0.0085	generator
#14	KECCAK_RC	1	32	32	10	320	320	0.0007	fixed size: real = padded
#14	REGISTER	1	67	128	5	335	640	0.0006	generator
#14	HALT	1	1	1	4	4	4	0.0002	fixed size: real = padded
#14	COMMIT	1	161	256	19	3059	4864	0.0030	generator
#14	KECCAK	1	1292	2048	511	660212	1046528	0.0277	generator
#14	KECCAK_RND	1	31008	32768	1480	45891840	48496640	0.2248	generator
#14	CPU	1	1138690	2097152	38	43270220	79691776	0.1554	generator
#14	LT	1	652364	1048576	17	11090188	17825792	0.0343	generator
#14	SHIFT	1	28225	32768	29	818525	950272	0.0091	generator
#14	MEMW	1	67920	131072	49	3328080	6422528	0.0172	generator
#14	MEMW_A	1	533770	1048576	29	15479330	30408704	0.0706	generator
#14	LOAD	1	318929	524288	18	5740722	9437184	0.0202	generator
#14	MUL	1	29	32	26	754	832	0.0033	generator
#14	BRANCH	1	3927	4096	14	54978	57344	0.0041	generator
#14	MEMW_R	2	2238930	2359296	10	22389300	23592960	0.0477	generator
#14	EQ	1	3875	4096	12	46500	49152	0.0036	generator
#14	BYTEWISE	1	29155	32768	26	758030	851968	0.0068	generator
#14	STORE	1	250246	262144	16	4003936	4194304	0.0142	generator
#14	CPU32	1	2067	4096	38	78546	155648	0.0069	generator
#14	L2G_MEMORY	1	267993	524288	9	2411937	4718592	0.0122	generator L2G
global	L2G_GLOBAL	15	7363343	11010048	9	66270087	99090432	0.1317	generator L2G
global	GLOBAL_MEMORY	35	9175040	9175040	4	36700160	36700160	0.1952	generator
