Time (%),Total Time (ns),Num Calls,Avg (ns),Med (ns),Min (ns),Max (ns),StdDev (ns),Name
68.4,26966956726,48298,558345.2,17760.0,1380,402995330,8482235.1,cuMemcpyDtoHAsync_v2
8.8,3452103469,266302,12963.1,1740.0,1180,25163497,103073.3,cuMemcpyHtoDAsync_v2
6.9,2717818687,2260,1202574.6,10065.0,310,171281905,10980614.7,cuEventSynchronize
5.8,2284043124,37956,60176.1,2320.0,1780,144646190,2578880.3,cuMemcpyDtoDAsync_v2
3.3,1292951002,243578,5308.2,380.0,210,21454157,153129.5,cuMemAllocAsync
2.7,1058097034,51470,20557.5,470.0,320,37939293,385746.1,cuStreamSynchronize
2.6,1025051362,338172,3031.2,1740.0,1370,141110618,243242.8,cuLaunchKernel
1.1,433125998,59324,7301.0,5850.0,3950,17540208,76088.9,cuMemcpyDtoH_v2
0.3,137594422,243576,564.9,310.0,210,4644643,12882.5,cuMemFreeAsync
0.2,62334299,23841,2614.6,1330.0,930,2015003,14402.7,cuMemsetD8Async
0.0,4482493,14,320178.1,219543.0,33440,1207130,329156.1,cuModuleLoadData
0.0,1760216,1,1760216.0,1760216.0,1760216,1760216,0.0,cuMemHostAlloc
0.0,1152035,1130,1019.5,400.0,230,28290,2265.9,cuEventRecord
0.0,990332,33,30010.1,1910.0,1519,152079,47571.9,cuStreamCreate
0.0,214159,572,374.4,180.0,150,4710,515.0,cuEventCreate
0.0,67360,12,5613.3,5590.0,3140,8470,1419.3,cuCtxSetCurrent
0.0,34290,1,34290.0,34290.0,34290,34290,0.0,cuMemGetInfo_v2
0.0,20449,1,20449.0,20449.0,20449,20449,0.0,cuDeviceGetDefaultMemPool
0.0,3210,1,3210.0,3210.0,3210,3210,0.0,cuMemPoolSetAttribute
