Time (%),Total Time (ns),Instances,Avg (ns),Med (ns),Min (ns),Max (ns),StdDev (ns),Name
33.5,9051706061,98,92364347.6,147481808.5,2740663,155584518,67051469.1,rpx_leaves_base_coset
23.0,6209151252,39006,159184.5,10528.0,2912,56844156,1276350.4,sumcheck_round_ext3
8.1,2187618560,1744,1254368.4,357295.0,117855,9769054,2225829.9,rpx_merkle_level
6.3,1709958404,614,2784948.5,2159305.0,464286,18274755,2426808.6,rpx_grind_search_queue
5.2,1395482746,576,2422713.1,1926681.0,76928,6872746,2207104.2,whir_lean_round
4.5,1206556187,89793,13437.1,1600.0,1152,7796871,118090.1,sumcheck_fold_ext3
3.2,861106145,193,4461689.9,5670861.0,63583,7386503,2092571.8,ntt_cm_dit_k7
3.0,819995542,46344,17693.7,3328.0,1184,3793619,103392.1,program_map_ext3
3.0,813068202,96,8469460.4,7652310.0,328863,16028204,7073511.5,whir_fold_k_base_ext3
2.2,587959310,517,1137252.1,561630.0,93503,7258185,1911183.4,rpx_leaves_ext3_coset
1.3,342990113,8223,41711.1,5408.0,1440,3069334,208303.7,fraction_fold_ext3
1.2,325986540,93822,3474.5,1280.0,1055,1665627,20901.1,eq_expand_level_ext3
1.1,287364061,311,924000.2,1412315.0,7680,1723930,632741.9,mobius_tile
1.0,262824505,74,3551682.5,5592141.5,68128,5784428,2676315.8,ntt_cm_dit_k8
0.7,184110673,96,1917819.5,1545866.5,97535,4007730,1653444.1,whir_lean_materialize
0.6,152206567,1730,87980.7,115455.5,22304,196927,40748.8,rpx_merkle_tail_warp
0.5,144561938,6088,23745.4,12288.0,11904,2280664,57319.8,rpx_merkle_level_warp
0.5,128439527,393,326818.1,135104.0,1344,4126545,594348.0,factors_from_columns_ext3
0.3,75795466,39582,1914.9,1504.0,1407,8736,1288.5,sum_partials_ext3
0.3,70815477,83,853198.5,1387484.0,11840,1581915,651446.2,mobius_low_levels
0.2,40981086,371,110461.1,45856.0,1728,979261,178060.6,batched_column_ext3
0.1,30487005,2220,13732.9,11872.0,1152,26048,4130.1,mle_fold_base_ext3_many
0.1,28507777,55,518323.2,351999.0,336895,1430395,249395.6,ntt_cm_dit_k6
0.1,25929128,306,84735.7,30191.5,1248,1223421,163562.8,fill_ext3
0.1,22731211,517,43967.5,19328.0,2624,279871,73307.6,whir_fold_k_ext3
0.1,18559133,96,193324.3,164591.5,4448,552414,184175.7,whir_lean_colmap
0.0,12646455,3,4215485.0,4214994.0,4214770,4216691,1050.4,fraction_fold_padded_ext3
0.0,5087982,517,9841.4,1728.0,1088,123647,19392.8,add_scaled_ext3
0.0,4833141,1130,4277.1,3968.0,1280,11904,2760.7,merkle_gather_paths
0.0,3949715,224,17632.7,6880.0,2624,261695,30572.8,mle_fold_base_ext3
0.0,3421841,1130,3028.2,2976.0,1088,8192,1116.1,gather_cosets
0.0,2204184,2220,992.9,992.0,927,1312,31.7,gather_ext3_at
